"HRH1","LTA4H","NQO2","PDE4D","PDXK","PPARA"
"AMBRISENTAN",-0.0475450669217327,1.30263670453244,-0.592135407998411,-0.11003237434999,0.018277572044021,-0.00162339628839713
"AMODIAQUINE",-0.190489389922643,-0.360038464885972,-0.217308336216719,-0.94887758253541,0.580706455862102,0.0521578339514196
"AMPICILLIN",-0.131046757631281,-0.641917407334325,0.27199670576445,-0.846997968516196,-0.755923405176282,-0.524163396475738
"ANTAZOLINE",0.15593667228089,0.213868847326188,0.121990209809684,-0.415658656908252,0.0453077780131696,0.159916998877641
"ARGATROBAN",0.221474505123891,0.349689927689077,0.537794896046723,0.479295318932568,-0.0456460755414027,0.157721672497821
"ASTEMIZOLE",-0.561650970098535,-0.018422035076498,-1.78298318280454,-1.11003237434999,-0.960281903682468,-0.906674992233134
