"HRH1","LTA4H","NQO2","PDE4D","PDXK","PPARA"
"AMBRISENTAN",0.101013556312776,0.353821430676699,-0.771036711326973,0.58778854479992,-0.49623181012062,0.804386102834809
"AMODIAQUINE",-0.920030503588692,-0.515429977968423,-0.871496893106186,-0.239465934695389,0.0224283202323811,-0.0340608091972811
"AMPICILLIN",-0.599799269400388,-0.469300807239222,-0.788392650460742,-0.133266530863464,0.499498595046996,0.441738248036142
"ANTAZOLINE",-0.779337000559919,-0.14133211019456,-0.116609390942717,0.263034405833794,-0.104401702003102,0.0610549986340662
"ARGATROBAN",-3.17798626938473,-2.74652909465577,-3.44265359430231,-2.38702312310925,-2.08119431084178,-2.10795892286582
"ASTEMIZOLE",-1.19987887523357,-0.777423102601554,-1.13453129893998,-0.0256866436636496,-0.307856327010608,-0.279678161953666
