"HRH1","LTA4H","NQO2","PDE4D","PPARA"
"ATENOLOL",-1.21903025531629,-1.30557644547428,-0.96049389578977,-0.773659331622532,-0.497005564472845
"AZITHROMYCIN",1.74812214528576,0.965570606146837,1.6703489663507,1.05125396181938,1.01501942687451
"BETAHISTINE",0.64657849137466,-0.653499748894583,-0.370632595655774,-0.510624925788738,0.608176672219212
"BETAXOLOL",0.855577482132911,-0.166102026553218,0.390580544757109,-0.45999885271877,0.7219188382684
"BIPERIDEN",2.271366972589,0.858309639486696,1.13474164032752,1.79749736957359,1.2617383342776
